Partial Story,Completed Story
"In a dark basement, there is a white toilet sitting on some steps. Around it, there are broken boards","<start>In a dark basement, there is a white toilet sitting on some steps. Around it, there are broken boards that look like they are ready for a fun place. The bowl is like a little house for the bowls, and they seem very strong. The toilet is shiny and has a big sign that says ""Cord."" It makes me think of bottles and something special. I wonder what stories the bowl could tell!<pad>"
"In a shiny bathroom, the walls sparkle like magic! There’s a big tree next to a toilet, and plants","<start>In a shiny bathroom, the walls sparkle like magic! There’s a big tree next to a toilet, and plants sit quietly in the corner. A shower curtain hangs on the wall, looking like a cozy little secret. The toilet is stuck to the shower, waiting for someone to use it. There is also a shower that can make water come out of the toilet and a big bathtub where you can splash and play. This bathroom feels like a secret place where you can wash away t the day!<pad>"
"There is a big table full of yummy treats! There are cookies, cakes, and colorful candies all together.","<start>There is a big table full of yummy treats! There are cookies, cakes, and colorful candies all together. Some cakes are big, and some are small, but they all look so tasty. There are also some cupcakes and cups of coffee that are stacked high. I can see a shiny silver tray with spicy candles on top. It feels like a fun party with all these colors and smiles!<pad>"
Pink cakes and lollipops rest on white tables and pink plates. Cake slices have forks beside them.,"<start>Pink cakes and lollipops rest on white tables and pink plates. Cake slices have forks beside them. There are also some shiny candles on the tables, and they look so yummy! The cakes are all different shapes and sizes, and they sit on a shelf together. I can almost smell the sweet frosting! It feels like a magical place where everyone can eat their treats. I want to try them all!<pad>"
The cake is so colorful with chocolate and white frosting. It has cute polka dots and sprinkles on,"<start>The cake is so colorful with chocolate and white frosting. It has cute polka dots and sprinkles on top. The cake is sitting on a shiny tray, ready to eat it. It looks like a big piece of cake that is so big! The cake is on a table, and it makes me feel happy. I can’t wait to taste it and see what it will be like!<pad>"
"In a funny bathroom, there are two shiny toilets side by side. The floor is like a big","<start>In a funny bathroom, there are two shiny toilets side by side. The floor is like a big checkerboard, and there are some shiny mirrors that make everything look bright. The walls are covered in cool tiles that make the room feel special. It’s like a little secret place where you can see your smile! The bathroom is so clean and bright, it feels like a magical place where you can wash your hands and see your face.<pad>"
"In a happy green bathroom, there are funny monkeys on the curtain. A shiny sink and a little toilet","<start>In a happy green bathroom, there are funny monkeys on the curtain. A shiny sink and a little toilet sit quietly in the corner. The sink is small and has a big mirror that makes everything look bright. There is a shower that can make water splashes and a fun shower that can make fluffy towels. The bathroom is so clean and shiny, like a little secret place just for washing up. It feels like a special space to get ready for a big adventure!<pad>"
"The bathroom has a white toilet and a tall sink. There's also a shower, but the walls look like","<start>The bathroom has a white toilet and a tall sink. There's also a shower, but the walls look like they are ready for someone to splash water. There is a shower that can make water come out of the sink. The sink is shiny and has a big mirror that makes everything look even bigger. It feels like a cozy place where you can wash your hands and share stories. I wonder what fun things happen in this bathroom!<pad>"
"In a shiny bathroom, there is a big toilet bowl sitting on the floor. A tall stall has a","<start>In a shiny bathroom, there is a big toilet bowl sitting on the floor. A tall stall has a shower that stands like a little sea. The sink is white and very bright, like a giant cloud! There is a shower that can make water splashes and a cozy holder that can make fun sounds. The bathroom is very clean and shiny, like a little secret place just for washing up. It feels like a special room where you can splash and play!<pad>"
"There's a man on a shiny, old motorcycle. He wears a long coat and sits very still. The picture","<start>There's a man on a shiny, old motorcycle. He wears a long coat and sits very still. The picture is in black and white, which makes him look like a story from a long time ago. The motorcycle is parked on the street, and it looks like it is ready for an adventure. The man seems happy as he rides down the road, feeling the wind on his face. I wonder where he is going!<pad>"
There's a big building with a clock inside that's tall and pointy. The church has a tall tower that,"<start>There's a big building with a clock inside that's tall and pointy. The church has a tall tower that reaches up to the sky. It looks like a giant castle with a shiny clock on top! The clock ticks and tocks, telling everyone the time. The clock is so big and tells the time. I wonder how many people can see the clock from far away!<pad>"
The green bowl is on the table. It is full of little trees called broccoli. Some broccoli is green,"<start>The green bowl is on the table. It is full of little trees called broccoli. Some broccoli is green and white, and the broccoli looks like a big fluffy cloud. The broccoli is all tiled up in a shiny bowl. It seems like the broccoli is the broccoli is the broccoli. I wonder if it tastes as good as it looks!<pad>"
"There is a big, yummy cake on a shiny silver plate. It has white frosting and blue sprinkles in","<start>There is a big, yummy cake on a shiny silver plate. It has white frosting and blue sprinkles in front of it. The cake looks so sweet and fluffy! It is all covered in sweet strawberries and shiny candles. The candles are sitting on a soft cloth, making the cake look even more special. I can almost taste the chocolate and the cake like little stars! It makes me want to eat it all!<pad>"
A big parade is happening! A police motorcycle zooms by with a shiny car behind it. People are watching,"<start>A big parade is happening! A police motorcycle zooms by with a shiny car behind it. People are watching and smiling as they ride the motorcycle really fast. The motorcycle goes vroom, vroom, and it looks so exciting! The park is full of life, with lots of fun things to see. Everyone is having a great time riding the motorcycle together! It feels like a big adventure with lots of friends.<pad>"
"A fluffy cat is on a table. It leans over a shiny fish bowl, looking at the fish swimming","<start>A fluffy cat is on a table. It leans over a shiny fish bowl, looking at the fish swimming in the water. The cat seems very curious and is staring at the camera, like it wants to say hello! Sometimes, it stands tall and strong, looking around. The cat seems to be having fun too. I wonder if it likes to play on the boat and watch the cat so close!<pad>"
"The orange kitty sits on the table beside a bright bowl. It lays on the table, looking cozy and","<start>The orange kitty sits on the table beside a bright bowl. It lays on the table, looking cozy and happy. Nearby, a big black animal stands tall in front of a shiny mirror. The bowl is so cute and has a funny face that makes it look special. The bowl is so colorful and fun! I wonder what the kitten thinks about the bowl and the bowl seems to like the bowl.<pad>"
The kitty is very funny. It stands in an empty bowl while munching from another one. The dishes are,"<start>The kitty is very funny. It stands in an empty bowl while munching from another one. The dishes are so cute and fluffy! The other has a big smile, and they look so happy. The bowl is bright and colorful, making the kitty shine. It’s like they are having a fun time together, enjoying their tasty snacks and laughing. I wonder if they are talking about a big adventure!<pad>"
The cat is eating its food. It's funny because it's standing inside a bowl while munching. The cat,"<start>The cat is eating its food. It's funny because it's standing inside a bowl while munching. The cat looks very comfy and happy. Nearby, there is a big bowl filled with yummy food and colorful fruit. The bowl is full of tasty treats, and the cats are having a nice time. I wonder if they are talking or just laying on the counter! The cats are so cute and full of sweet smells.<pad>"
A young man is sitting in a small room with a computer. He wears a cozy sweatshirt and looks,"<start>A young man is sitting in a small room with a computer. He wears a cozy sweatshirt and looks very focused. He holds a shiny Wii remote in his hand. The man is playing a fun game on a computer and trying to win. He seems to be having a great time together. It’s like he is in a big adventure, and I wonder what he is thinking!<pad>"
"The toilet has a big, round light above it. Sunlight comes in from a round window in the wall.","<start>The toilet has a big, round light above it. Sunlight comes in from a round window in the wall. The sky is blue and fluffy, making the room feel warm and cozy. There is a shiny sink where you can wash your hands and a big mirror that shows your smile. The big red basket is so bright and happy! It feels like a magical place where you can watch the world go and see the world from up there!<pad>"
"In a tiny bathroom, there is a white toilet. The roof is slanted, and a bright window lets in","<start>In a tiny bathroom, there is a white toilet. The roof is slanted, and a bright window lets in warm sunlight. Next to it, there is a shiny sink where you can wash your hands. The walls are painted in white tiles, and there is a shower that can make water come out. The bathroom is clean and has a special place to wash up. It feels like a cozy place where you can splash and play!<pad>"
There are tiny green beads and nuts inside bamboo pieces. I see scissors next to brussel sprouts and shiny,"<start>There are tiny green beads and nuts inside bamboo pieces. I see scissors next to brussel sprouts and shiny silver paint that look like little stars. The beags are all different colors, like red, blue, and yellow, and green. They sit together on a big road, looking very happy. The beach is busy with lots of sounds and colors. It feels like a fun place where adventures could happen!<pad>"
"A man sits at his desk with a big, yummy hotdog. He's wearing a blue shirt and working on","<start>A man sits at his desk with a big, yummy hotdog. He's wearing a blue shirt and working on his hands. He looks very happy and ready to take a big bite! The hotdog is small and has lots of tasty things on it. The man smiles as he takes a big bite and smiles. It feels like a fun party with lots of laughter and tasty food!<pad>"
"The bowl has yummy fruit like apples, bananas, and oranges. It's sitting on the wooden table. The blue plate","<start>The bowl has yummy fruit like apples, bananas, and oranges. It's sitting on the wooden table. The blue plate is so big, it looks like a treasure chest! I can see some crunchy oranges and green leaves that make it look like a rainbow. The fruit is so big, it makes the bowl look even more special. I want to eat it all up and share it with my friends!<pad>"
"In a big parking lot, two cool motorbikes sit next to a shiny car. One bike is blue with","<start>In a big parking lot, two cool motorbikes sit next to a shiny car. One bike is blue with a big blue basket, and the other is a big bus parked by the side of the road. They look like they are ready for an adventure! The bikes are all different colors, like red, blue, and green. It feels like a fun place where cars and people are walking around. I wonder where they go when they ride!<pad>"
